{
	"kmer_collection_scan_result": {
		"NC_045512.2 Wuhan seafood market pneumonia virus isolate Wuhan-Hu-1, complete genome":{"coverage":1,"kmer_count":634,"kmer_hits":920570,"median_depth":896,"mean_depth":1452},
		"NC_004718.3 SARS coronavirus, complete genome":{"coverage":0.042654,"kmer_count":1266,"kmer_hits":609,"median_depth":0,"mean_depth":0.481043},
		"NC_014470.1 Bat coronavirus BM48-31/BGR/2008, complete genome":{"coverage":0.0195342,"kmer_count":1331,"kmer_hits":116,"median_depth":0,"mean_depth":0.0871525}
	},
	"summary": {
		"before_filtering": {
			"total_reads":654834,
			"total_bases":65011691,
			"q20_bases":65011691,
			"q30_bases":65011691,
			"q20_rate":1,
			"q30_rate":1,
			"read1_mean_length":99,
			"gc_content":0.39235
		},
		"after_filtering": {
			"total_reads":654834,
			"total_bases":65011691,
			"q20_bases":65011691,
			"q30_bases":65011691,
			"q20_rate":1,
			"q30_rate":1,
			"read1_mean_length":99,
			"gc_content":0.39235
		}
	},
	"filtering_result": {
		"passed_filter_reads": 654834,
		"low_quality_reads": 0,
		"too_many_N_reads": 0,
		"too_short_reads": 0,
		"too_long_reads": 0
	},
	"duplication": {
		"rate": 0.544867,
		"histogram": [30409,6185,3217,1856,1297,874,603,421,315,269,186,147,116,115,78,74,47,45,35,32,30,26,21,12,15,11,8,11,8,4,43],
		"mean_gc": [0.367309,0.430941,0.443118,0.444673,0.455537,0.455678,0.454213,0.453253,0.451503,0.46792,0.475796,0.463652,0.435565,0.444024,0.472599,0.451192,0.449562,0.488715,0.432493,0.454657,0.45281,0.46908,0.387675,0.519608,0.477647,0.406417,0.435294,0.497326,0.417647,0.490196,0.437027]
	},
	"read1_before_filtering": {
		"total_reads": 654834,
		"total_bases": 65011691,
		"q20_bases": 65011691,
		"q30_bases": 65011691,
		"total_cycles": 100,
		"quality_curves": {
			"A":[30,30,30,30,30,30,30,30,30,30,30,30,30,30,30,30,30,30,30,30,30,30,30,30,30,30,30,30,30,30,30,30,30,30,30,30,30,30,30,30,30,30,30,30,30,30,30,30,30,30,30,30,30,30,30,30,30,30,30,30,30,30,30,30,30,30,30,30,30,30,30,30,30,30,30,30,30,30,30,30,30,30,30,30,30,30,30,30,30,30,30,30,30,30,30,30,30,30,30,30],
			"T":[30,30,30,30,30,30,30,30,30,30,30,30,30,30,30,30,30,30,30,30,30,30,30,30,30,30,30,30,30,30,30,30,30,30,30,30,30,30,30,30,30,30,30,30,30,30,30,30,30,30,30,30,30,30,30,30,30,30,30,30,30,30,30,30,30,30,30,30,30,30,30,30,30,30,30,30,30,30,30,30,30,30,30,30,30,30,30,30,30,30,30,30,30,30,30,30,30,30,30,30],
			"C":[30,30,30,30,30,30,30,30,30,30,30,30,30,30,30,30,30,30,30,30,30,30,30,30,30,30,30,30,30,30,30,30,30,30,30,30,30,30,30,30,30,30,30,30,30,30,30,30,30,30,30,30,30,30,30,30,30,30,30,30,30,30,30,30,30,30,30,30,30,30,30,30,30,30,30,30,30,30,30,30,30,30,30,30,30,30,30,30,30,30,30,30,30,30,30,30,30,30,30,30],
			"G":[30,30,30,30,30,30,30,30,30,30,30,30,30,30,30,30,30,30,30,30,30,30,30,30,30,30,30,30,30,30,30,30,30,30,30,30,30,30,30,30,30,30,30,30,30,30,30,30,30,30,30,30,30,30,30,30,30,30,30,30,30,30,30,30,30,30,30,30,30,30,30,30,30,30,30,30,30,30,30,30,30,30,30,30,30,30,30,30,30,30,30,30,30,30,30,30,30,30,30,30],
			"mean":[30,30,30,30,30,30,30,30,30,30,30,30,30,30,30,30,30,30,30,30,30,30,30,30,30,30,30,30,30,30,30,30,30,30,30,30,30,30,30,30,30,30,30,30,30,30,30,30,30,30,30,30,30,30,30,30,30,30,30,30,30,30,30,30,30,30,30,30,30,30,30,30,30,30,30,30,30,30,30,30,30,30,30,30,30,30,30,30,30,30,30,30,30,30,30,30,30,30,30,30]
		},
		"content_curves": {
			"A":[0.150513,0.182652,0.233415,0.321161,0.325313,0.369101,0.182234,0.260283,0.261628,0.420204,0.328958,0.249477,0.290862,0.302434,0.353077,0.313617,0.294878,0.277799,0.308658,0.303278,0.276195,0.328043,0.326477,0.271496,0.304755,0.274751,0.32708,0.339538,0.328754,0.314982,0.299503,0.296637,0.288012,0.335421,0.289305,0.314868,0.3205,0.291743,0.323367,0.305603,0.312021,0.30054,0.304369,0.308978,0.313209,0.268957,0.30737,0.337393,0.266304,0.304888,0.311591,0.31622,0.337291,0.290731,0.286772,0.337334,0.355968,0.288609,0.324311,0.284182,0.314422,0.327248,0.31385,0.322652,0.335043,0.332863,0.313258,0.31693,0.299588,0.296392,0.326189,0.297043,0.302294,0.278498,0.26649,0.280004,0.311922,0.312212,0.280985,0.283793,0.291586,0.279875,0.263115,0.30558,0.320739,0.330774,0.268919,0.29683,0.294549,0.296579,0.302437,0.333722,0.29779,0.317996,0.321354,0.295091,0.306668,0.305903,0.256393,0],
			"T":[0.116762,0.385681,0.272764,0.247677,0.292598,0.283305,0.469546,0.421131,0.307609,0.241855,0.244315,0.310769,0.367592,0.296799,0.329587,0.283223,0.317054,0.31942,0.332422,0.310731,0.315448,0.304613,0.298259,0.310801,0.302212,0.360513,0.318087,0.278768,0.319562,0.27828,0.340696,0.322505,0.293703,0.287568,0.320092,0.312491,0.312426,0.258641,0.348943,0.291156,0.312838,0.289901,0.306354,0.314321,0.313773,0.349113,0.304917,0.293724,0.325737,0.296353,0.330818,0.281471,0.302174,0.314895,0.302426,0.282561,0.290321,0.278991,0.30101,0.317315,0.294598,0.298788,0.279436,0.322102,0.272281,0.312955,0.285413,0.280934,0.299161,0.330238,0.286756,0.31769,0.29849,0.301734,0.361003,0.345438,0.302499,0.284265,0.318959,0.332102,0.29239,0.298127,0.350578,0.338219,0.256154,0.295964,0.275187,0.32387,0.301616,0.318756,0.290873,0.327614,0.28806,0.301516,0.31076,0.324688,0.276389,0.328521,0.338195,0.468505],
			"C":[0.233965,0.173962,0.225535,0.193678,0.17642,0.137865,0.186592,0.170765,0.215452,0.153923,0.204728,0.23029,0.18612,0.220589,0.150313,0.193487,0.187214,0.217408,0.186334,0.166581,0.214543,0.173502,0.195653,0.207573,0.184737,0.184913,0.197716,0.201318,0.190378,0.223313,0.178522,0.199991,0.197838,0.189685,0.196384,0.168223,0.174605,0.2394,0.150293,0.192018,0.190189,0.239335,0.191517,0.185365,0.197931,0.194819,0.182947,0.190875,0.188716,0.188773,0.178879,0.180525,0.165195,0.187842,0.185207,0.210388,0.176636,0.235431,0.212349,0.196733,0.198372,0.172497,0.18085,0.185174,0.200226,0.177692,0.164881,0.205458,0.192796,0.184026,0.209328,0.230666,0.197107,0.223211,0.176048,0.184209,0.174834,0.200028,0.203733,0.170565,0.198728,0.206305,0.203248,0.179121,0.197602,0.165739,0.23054,0.189692,0.178835,0.187876,0.213767,0.188228,0.191343,0.206864,0.193025,0.180729,0.178268,0.178268,0.237355,0.300732],
			"G":[0.49876,0.257705,0.268286,0.237485,0.205669,0.209728,0.161627,0.147821,0.215311,0.184018,0.221998,0.209464,0.155426,0.180178,0.167022,0.209673,0.200854,0.185374,0.172586,0.21941,0.193814,0.193841,0.179612,0.21013,0.208296,0.179824,0.157118,0.180375,0.161307,0.183425,0.18128,0.180867,0.220447,0.187327,0.194219,0.204418,0.19247,0.210217,0.177396,0.211223,0.184952,0.170223,0.19776,0.191337,0.175087,0.187112,0.204765,0.178009,0.219243,0.209985,0.178711,0.221783,0.19534,0.206532,0.225595,0.169717,0.177074,0.196969,0.162329,0.20177,0.192608,0.201468,0.225864,0.170072,0.19245,0.17649,0.236448,0.196678,0.208455,0.189344,0.177727,0.154601,0.20211,0.196557,0.196458,0.190348,0.210745,0.203496,0.196324,0.21354,0.217295,0.215693,0.183059,0.177081,0.225506,0.207522,0.225354,0.189608,0.225,0.196789,0.192923,0.150436,0.222807,0.173624,0.17486,0.199491,0.238675,0.187308,0.168057,0.228942],
			"N":[0,0,0,0,0,0,0,0,0,0,0,0,0,0,0,0,0,0,0,0,0,0,0,0,0,0,0,0,0,0,0,0,0,0,0,0,0,0,0,0,0,0,0,0,0,0,0,0,0,0,0,0,0,0,0,0,0,0,0,0,0,0,0,0,0,0,0,0,0,0,0,0,0,0,0,0,0,0,0,0,0,0,0,0,0,0,0,0,0,0,0,0,0,0,0,0,0,0,0,0.00182096],